name,slug,description
Web Development,web-development,HTML, CSS, JavaScript, React, and Fullstack development.
Mobile Development,mobile-development,iOS, Android, and Cross-platform development with React Native or Flutter.
Data Science,data-science,Machine Learning, Python for data, and Artificial Intelligence.
Business,business,Management, Sales, and Strategy.
Design,design,UI/UX, Graphic Design, and Motion Graphics.
Marketing,marketing,Digital Marketing, SEO, and Social Media Strategy.
Personal Development,personal-development,Leadership, Productivity, and Soft Skills.
Music,music,Instruments, Music Production, and Theory.
Photography,photography,Digital Photography, Portrait, and Video Editing.
Finance,finance,Investing, Accounting, and Stock Market.
